Workbook

Sheet UNIDADE 12
A1: ITENS | B1: DESCRIÇÃO | C1: UND | D1: QUANT. | E1: PREÇO | F1: VALOR
E2: UNITÁRIIO
A3: 1.0 | B3: MOBILIZAÇÃO
A4: 1.1 | B4: Mobilização de equipamentos e pessoas para realização do levantamento para adquação do levantamento para atender as especificações do Manual de Georreferenciamento (MTGIR, 2022) | C4: km | D4: 10 | E4: 60 | F4: =D4*E4 -> 600
B5: LEVNTAMENTO CADASTRAL TERRITORIAL
A6: 2.2 | B6: Serviços de campo com o Registro de ART junto ao CREA, Honorários de responsabilidade técnica e consultoria de profissional habilitado e credenciado no INCRA para medição e Georreferenciamento dos vértices definidores do perímetro total conforme estabelece o Manual Técnico de Georrferenciamendo Imóveis Rurais 2022. | C6: hectares | D6: 37.81 | E6: =50*1.1 -> 55 | F6: =D6*E6 -> 2079.55
A7: 2.3 | B7: Confecção e Implantação de Marcos e plaquetas Padrão INCRA. | C7: UNID | D7: 12 | E7: =25*1.1 -> 27.5 | F7: =D7*E7 -> 330
A8: 2.4 | B8: Serviços de Gabinete: Processamento de Dados GNSS e analise de dados, elaboração de planilhas eletrônicas, relatórios, cálculos, criação de Requerimentos no SIGEF | C8: hectares | D8: 37.81 | E8: =10*1.1 -> 11 | F8: =D8*E8 -> 415.91
A9: 2.5 | B9: Serviço de Gabinete: Elaboração de peças técnicas para subsidiar o processo de usocapião como: Elaboração de plantas Topográficas em CAD e calculos necessários com impressão em formato ABNT em 3 vias com a elaboração do memorial descritivo | C9: unid | D9: 5 | E9: =(15+100)*1.1 -> 126.5 | F9: =D9*E9 -> 632.5 | G9: Custo | H9: marcos | I9: Despesas Total | J9: Despachante
F10: =SUM(F4:F9) -> 4057.96 | G10: 1500 | H10: =35*12 -> 420 | I10: =G10+H10 -> 1920 | J10: =F10*0.1 -> 405.796
F12: Restante | G12: =F10-I10-J10 -> 1732.164

Sheet CAMPO
A1: ITENS | B1: DESCRIÇÃO | C1: UND | D1: QUANT. | E1: PREÇO | F1: VALOR
E2: UNITÁRIIO
A3: 1.0 | B3: MOBILIZAÇÃO
A4: 1.1 | B4: ='UNIDADE 12'!B4 -> Mobilização de equipamentos e pessoas para realização do levantamento para adquação do levantamento para atender as especificações do Manual de Georreferenciamento (MTGIR, 2022) | C4: km | D4: 15 | E4: =60*1.1 -> 66 | F4: =D4*E4 -> 990
A5: 2.0 | B5: LEVNTAMENTO CADASTRAL TERRITORIAL
A6: 2.1 | B6: ='UNIDADE 12'!B6 -> Serviços de campo com o Registro de ART junto ao CREA, Honorários de responsabilidade técnica e consultoria de profissional habilitado e credenciado no INCRA para medição e Georreferenciamento dos vértices definidores do perímetro total conforme estabelece o Manual Técnico de Georrferenciamendo Imóveis Rurais 2022. | C6: hectares | D6: 10.14 | E6: 50 | F6: =D6*E6 -> 507
A7: 2.2 | B7: ='UNIDADE 12'!B7 -> Confecção e Implantação de Marcos e plaquetas Padrão INCRA. | C7: UNID | D7: 10 | E7: =25*1.1 -> 27.5 | F7: =D7*E7 -> 275
A8: 2.3 | B8: ='UNIDADE 12'!B8 -> Serviços de Gabinete: Processamento de Dados GNSS e analise de dados, elaboração de planilhas eletrônicas, relatórios, cálculos, criação de Requerimentos no SIGEF | C8: hectares | D8: 10.14 | E8: =10*1.1 -> 11 | F8: =D8*E8 -> 111.54
A9: 2.4 | B9: ='UNIDADE 12'!B9 -> Serviço de Gabinete: Elaboração de peças técnicas para subsidiar o processo de usocapião como: Elaboração de plantas Topográficas em CAD e calculos necessários com impressão em formato ABNT em 3 vias com a elaboração do memorial descritivo | C9: unid | D9: 5 | E9: =(15+100)*1.1 -> 126.5 | F9: =D9*E9 -> 632.5 | G9: Custo | H9: marcos | I9: Despesas Total | J9: Despachante
F10: =SUM(F4:F9) -> 2516.04 | G10: 700 | H10: =35*12 -> 420 | I10: =G10+H10 -> 1120 | J10: =F10*0.1 -> 251.604
F12: Restante | G12: =F10-I10-J10 -> 1144.436

Sheet MALTA 9
A1: ITENS | B1: DESCRIÇÃO | C1: UND | D1: QUANT. | E1: PREÇO | F1: VALOR
E2: UNITÁRIIO
A3: 1.0 | B3: MOBILIZAÇÃO
A4: 1.1 | B4: Mobilização de equipamentos e pessoas para realização do levantamento para adquação do levantamento para atender as especificações do Manual de Georreferenciamento (MTGIR, 2022) | C4: km | D4: 15 | E4: =60*1.1 -> 66 | F4: =D4*E4 -> 990
B5: LEVNTAMENTO CADASTRAL TERRITORIAL
A6: 2.2 | B6: ='UNIDADE 12'!B6 -> Serviços de campo com o Registro de ART junto ao CREA, Honorários de responsabilidade técnica e consultoria de profissional habilitado e credenciado no INCRA para medição e Georreferenciamento dos vértices definidores do perímetro total conforme estabelece o Manual Técnico de Georrferenciamendo Imóveis Rurais 2022. | C6: hectares | D6: 16.47 | E6: 50 | F6: =D6*E6 -> 823.5
A7: 2.3 | B7: ='UNIDADE 12'!B7 -> Confecção e Implantação de Marcos e plaquetas Padrão INCRA. | C7: UNID | D7: 10 | E7: =25*1.1 -> 27.5 | F7: =D7*E7 -> 275
A8: 2.4 | B8: ='UNIDADE 12'!B8 -> Serviços de Gabinete: Processamento de Dados GNSS e analise de dados, elaboração de planilhas eletrônicas, relatórios, cálculos, criação de Requerimentos no SIGEF | C8: hectares | D8: 16.47 | E8: =10*1.1 -> 11 | F8: =D8*E8 -> 181.17
A9: 2.5 | B9: ='UNIDADE 12'!B9 -> Serviço de Gabinete: Elaboração de peças técnicas para subsidiar o processo de usocapião como: Elaboração de plantas Topográficas em CAD e calculos necessários com impressão em formato ABNT em 3 vias com a elaboração do memorial descritivo | C9: unid | D9: 5 | E9: =(15+100)*1.1 -> 126.5 | F9: =D9*E9 -> 632.5 | G9: Custo | H9: marcos | I9: Despesas Total | J9: Despachante
F10: =SUM(F4:F9) -> 2902.17 | G10: 700 | H10: =35*12 -> 420 | I10: =G10+H10 -> 1120 | J10: =F10*0.1 -> 290.217
F12: Restante | G12: =F10-I10-J10 -> 1491.953

Sheet JOSIAS
A1: ITENS | B1: DESCRIÇÃO | C1: UND | D1: QUANT. | E1: PREÇO | F1: VALOR
E2: UNITÁRIIO
A3: 1.0 | B3: MOBILIZAÇÃO
A4: 1.1 | B4: Mobilização de equipamentos e pessoas para realização do levantamento para adquação do levantamento para atender as especificações do Manual de Georreferenciamento (MTGIR, 2022) | C4: km | D4: 15 | E4: =60*1.1 -> 66 | F4: =D4*E4 -> 990
B5: LEVNTAMENTO CADASTRAL TERRITORIAL
A6: 2.2 | B6: ='UNIDADE 12'!B6 -> Serviços de campo com o Registro de ART junto ao CREA, Honorários de responsabilidade técnica e consultoria de profissional habilitado e credenciado no INCRA para medição e Georreferenciamento dos vértices definidores do perímetro total conforme estabelece o Manual Técnico de Georrferenciamendo Imóveis Rurais 2022. | C6: hectares | D6: 20.3 | E6: 50 | F6: =D6*E6 -> 1015
A7: 2.3 | B7: ='UNIDADE 12'!B7 -> Confecção e Implantação de Marcos e plaquetas Padrão INCRA. | C7: UNID | D7: 10 | E7: =25*1.1 -> 27.5 | F7: =D7*E7 -> 275
A8: 2.4 | B8: ='UNIDADE 12'!B8 -> Serviços de Gabinete: Processamento de Dados GNSS e analise de dados, elaboração de planilhas eletrônicas, relatórios, cálculos, criação de Requerimentos no SIGEF | C8: hectares | D8: 20.3 | E8: =10*1.1 -> 11 | F8: =D8*E8 -> 223.3
A9: 2.5 | B9: ='UNIDADE 12'!B9 -> Serviço de Gabinete: Elaboração de peças técnicas para subsidiar o processo de usocapião como: Elaboração de plantas Topográficas em CAD e calculos necessários com impressão em formato ABNT em 3 vias com a elaboração do memorial descritivo | C9: unid | D9: 5 | E9: =(15+100)*1.1 -> 126.5 | F9: =D9*E9 -> 632.5 | G9: Custo | H9: marcos | I9: Despesas Total | J9: Despachante
F10: =SUM(F4:F9) -> 3135.8 | G10: 1100 | H10: =35*12 -> 420 | I10: =G10+H10 -> 1520 | J10: =F10*0.1 -> 313.58
F12: Restante | G12: =F10-I10-J10 -> 1302.22

Sheet VÁLERIA
A1: ITENS | B1: DESCRIÇÃO | C1: UND | D1: QUANT. | E1: PREÇO | F1: VALOR
E2: UNITÁRIIO
A3: 1.0 | B3: MOBILIZAÇÃO
A4: 1.1 | B4: Mobilização de equipamentos e pessoas para realização do levantamento para adquação do levantamento para atender as especificações do Manual de Georreferenciamento (MTGIR, 2022) | C4: km | D4: 15 | E4: =60*1.1 -> 66 | F4: =D4*E4 -> 990
B5: LEVNTAMENTO CADASTRAL TERRITORIAL
A6: 2.2 | B6: ='UNIDADE 12'!B6 -> Serviços de campo com o Registro de ART junto ao CREA, Honorários de responsabilidade técnica e consultoria de profissional habilitado e credenciado no INCRA para medição e Georreferenciamento dos vértices definidores do perímetro total conforme estabelece o Manual Técnico de Georrferenciamendo Imóveis Rurais 2022. | C6: hectares | D6: 92.7 | E6: 50 | F6: =D6*E6 -> 4635
A7: 2.3 | B7: ='UNIDADE 12'!B7 -> Confecção e Implantação de Marcos e plaquetas Padrão INCRA. | C7: UNID | D7: 10 | E7: =25*1.1 -> 27.5 | F7: =D7*E7 -> 275
A8: 2.4 | B8: ='UNIDADE 12'!B8 -> Serviços de Gabinete: Processamento de Dados GNSS e analise de dados, elaboração de planilhas eletrônicas, relatórios, cálculos, criação de Requerimentos no SIGEF | C8: hectares | D8: 92.7 | E8: =10*1.1 -> 11 | F8: =D8*E8 -> 1019.7
A9: 2.5 | B9: ='UNIDADE 12'!B9 -> Serviço de Gabinete: Elaboração de peças técnicas para subsidiar o processo de usocapião como: Elaboração de plantas Topográficas em CAD e calculos necessários com impressão em formato ABNT em 3 vias com a elaboração do memorial descritivo | C9: unid | D9: 5 | E9: =(15+100)*1.1 -> 126.5 | F9: =D9*E9 -> 632.5 | G9: Custo | H9: marcos | I9: Despesas Total | J9: Despachante
F10: =SUM(F4:F9) -> 7552.2 | G10: 2000 | H10: =35*12 -> 420 | I10: =G10+H10 -> 2420 | J10: =F10*0.1 -> 755.22
F12: Restante | G12: =F10-I10-J10 -> 4376.98

Sheet CERCADO DE DONA NENA
A1: ITENS | B1: DESCRIÇÃO | C1: UND | D1: QUANT. | E1: PREÇO | F1: VALOR
E2: UNITÁRIIO
A3: 1.0 | B3: MOBILIZAÇÃO
A4: 1.1 | B4: Mobilização de equipamentos e pessoas para realização do levantamento para adquação do levantamento para atender as especificações do Manual de Georreferenciamento (MTGIR, 2022) | C4: km | D4: 15 | E4: =60*1.1 -> 66 | F4: =D4*E4 -> 990
B5: LEVNTAMENTO CADASTRAL TERRITORIAL
A6: 2.2 | B6: ='UNIDADE 12'!B6 -> Serviços de campo com o Registro de ART junto ao CREA, Honorários de responsabilidade técnica e consultoria de profissional habilitado e credenciado no INCRA para medição e Georreferenciamento dos vértices definidores do perímetro total conforme estabelece o Manual Técnico de Georrferenciamendo Imóveis Rurais 2022. | C6: hectares | D6: 32.27 | E6: 50 | F6: =D6*E6 -> 1613.5
A7: 2.3 | B7: ='UNIDADE 12'!B7 -> Confecção e Implantação de Marcos e plaquetas Padrão INCRA. | C7: UNID | D7: 10 | E7: =25*1.1 -> 27.5 | F7: =D7*E7 -> 275
A8: 2.4 | B8: ='UNIDADE 12'!B8 -> Serviços de Gabinete: Processamento de Dados GNSS e analise de dados, elaboração de planilhas eletrônicas, relatórios, cálculos, criação de Requerimentos no SIGEF | C8: hectares | D8: 32.27 | E8: =10*1.1 -> 11 | F8: =D8*E8 -> 354.97
A9: 2.5 | B9: ='UNIDADE 12'!B9 -> Serviço de Gabinete: Elaboração de peças técnicas para subsidiar o processo de usocapião como: Elaboração de plantas Topográficas em CAD e calculos necessários com impressão em formato ABNT em 3 vias com a elaboração do memorial descritivo | C9: unid | D9: 5 | E9: =(15+100)*1.1 -> 126.5 | F9: =D9*E9 -> 632.5 | G9: Custo | H9: marcos | I9: Despesas Total | J9: Despachante
F10: =SUM(F4:F9) -> 3865.97 | G10: 1500 | H10: =35*12 -> 420 | I10: =G10+H10 -> 1920 | J10: =F10*0.1 -> 386.597
F12: Restante | G12: =F10-I10-J10 -> 1559.373

Sheet ZÉ DO GÁS
A1: ITENS | B1: DESCRIÇÃO | C1: UND | D1: QUANT. | E1: PREÇO | F1: VALOR
E2: UNITÁRIIO
A3: 1.0 | B3: MOBILIZAÇÃO
A4: 1.1 | B4: Mobilização de equipamentos e pessoas para realização do levantamento para adquação do levantamento para atender as especificações do Manual de Georreferenciamento (MTGIR, 2022) | C4: km | D4: 15 | E4: =60*1.1 -> 66 | F4: =D4*E4 -> 990
B5: LEVNTAMENTO CADASTRAL TERRITORIAL
A6: 2.2 | B6: ='UNIDADE 12'!B6 -> Serviços de campo com o Registro de ART junto ao CREA, Honorários de responsabilidade técnica e consultoria de profissional habilitado e credenciado no INCRA para medição e Georreferenciamento dos vértices definidores do perímetro total conforme estabelece o Manual Técnico de Georrferenciamendo Imóveis Rurais 2022. | C6: hectares | D6: 110.15 | E6: 50 | F6: =D6*E6 -> 5507.5
A7: 2.3 | B7: ='UNIDADE 12'!B7 -> Confecção e Implantação de Marcos e plaquetas Padrão INCRA. | C7: UNID | D7: 10 | E7: =25*1.1 -> 27.5 | F7: =D7*E7 -> 275
A8: 2.4 | B8: ='UNIDADE 12'!B8 -> Serviços de Gabinete: Processamento de Dados GNSS e analise de dados, elaboração de planilhas eletrônicas, relatórios, cálculos, criação de Requerimentos no SIGEF | C8: hectares | D8: 110.15 | E8: =10*1.1 -> 11 | F8: =D8*E8 -> 1211.65
A9: 2.5 | B9: ='UNIDADE 12'!B9 -> Serviço de Gabinete: Elaboração de peças técnicas para subsidiar o processo de usocapião como: Elaboração de plantas Topográficas em CAD e calculos necessários com impressão em formato ABNT em 3 vias com a elaboração do memorial descritivo | C9: unid | D9: 5 | E9: =(15+100)*1.1 -> 126.5 | F9: =D9*E9 -> 632.5 | G9: Custo | H9: marcos | I9: Despesas Total | J9: Despachante
F10: =SUM(F4:F9) -> 8616.65 | G10: 2500 | H10: =35*12 -> 420 | I10: =G10+H10 -> 2920 | J10: =F10*0.1 -> 861.665
F12: Restante | G12: =F10-I10-J10 -> 4834.985

Sheet PLANILHA TOTAL
A1: ITENS | B1: PROPRIEDADE | C1: PREÇO | D1: DESPESAS | E1: DESPACHANTE
A2: 1 | B2: UNIDADE 12 | C2: ='UNIDADE 12'!F10 -> 4057.96 | D2: ='UNIDADE 12'!I10 -> 1920 | E2: =C2*0.1 -> 405.796
A3: 2 | B3: CAMPO | C3: =CAMPO!F10 -> 2516.04 | D3: =CAMPO!I10 -> 1120 | E3: =C3*0.1 -> 251.604
A4: 3 | B4: MALTA 9 | C4: ='MALTA 9'!F10 -> 2902.17 | D4: ='MALTA 9'!I10 -> 1120 | E4: =C4*0.1 -> 290.217
A5: 4 | B5: JOSIAS | C5: =JOSIAS!F10 -> 3135.8 | D5: =JOSIAS!I10 -> 1520 | E5: =C5*0.1 -> 313.58
A6: 5 | B6: VALÉRIA | C6: =VÁLERIA!F10 -> 7552.2 | D6: =VÁLERIA!I10 -> 2420 | E6: =C6*0.1 -> 755.22
A7: 6 | B7: CERCADO DE DONA NENA | C7: ='CERCADO DE DONA NENA'!F10 -> 3865.97 | D7: ='CERCADO DE DONA NENA'!I10 -> 1920 | E7: =C7*0.1 -> 386.597
A8: 7 | B8: ZÉ DO GAS | C8: ='ZÉ DO GÁS'!F10 -> 8616.65 | D8: ='ZÉ DO GÁS'!I10 -> 2920 | E8: =C8*0.1 -> 861.665
A9: TOTAL | C9: =SUM(C2:C8) -> 32646.79 | D9: =SUM(D2:D8) -> 12940 | E9: =SUM(E2:E8) -> 3264.679
C10: Nota
C11: =C9*5% -> 1632.3395 | E11: =C9-C11-D9-E9 -> 14809.771
B12: ESCRITÓRIO
G13: =C9*1.15 -> 37543.808
C14: =C9-E9 -> 29382.111
