Workbook

Sheet VÍZINHO DE MAURÍCIO
A1: ITENS | B1: DESCRIÇÃO | C1: UND | D1: QUANT. | E1: PREÇO | F1: VALOR
E2: UNITÁRIIO
A3: 1.0 | B3: MOBILIZAÇÃO
A4: 1.1 | B4: ='[1]UNIDADE 12'!B4 -> Mobilização de equipamentos e pessoas para realização do levantamento para adquação do levantamento para atender as especificações do Manual de Georreferenciamento (MTGIR, 2022) | C4: km | D4: 10 | E4: =60*1.1 -> 66 | F4: =D4*E4 -> 660
A5: 2.0 | B5: LEVNTAMENTO CADASTRAL TERRITORIAL
A6: 2.1 | B6: ='[1]UNIDADE 12'!B6 -> Serviços de campo com o Registro de ART junto ao CREA, Honorários de responsabilidade técnica e consultoria de profissional habilitado e credenciado no INCRA para medição e Georreferenciamento dos vértices definidores do perímetro total conforme estabelece o Manual Técnico de Georrferenciamendo Imóveis Rurais 2022. | C6: hectares | D6: 59.73 | E6: 50 | F6: =D6*E6 -> 2986.5
A7: 2.2 | B7: ='[1]UNIDADE 12'!B7 -> Confecção e Implantação de Marcos e plaquetas Padrão INCRA. | C7: UNID | D7: 15 | E7: =25*1.1 -> 27.5 | F7: =D7*E7 -> 412.5
A8: 2.3 | B8: ='[1]UNIDADE 12'!B8 -> Serviços de Gabinete: Processamento de Dados GNSS e analise de dados, elaboração de planilhas eletrônicas, relatórios, cálculos, criação de Requerimentos no SIGEF | C8: hectares | D8: 59.73 | E8: =10*1.1 -> 11 | F8: =D8*E8 -> 657.03
A9: 2.4 | B9: ='[1]UNIDADE 12'!B9 -> Serviço de Gabinete: Elaboração de peças técnicas para subsidiar o processo de usocapião como: Elaboração de plantas Topográficas em CAD e calculos necessários com impressão em formato ABNT em 3 vias com a elaboração do memorial descritivo | C9: unid | D9: 5 | E9: =15*1.1 -> 16.5 | F9: =D9*E9 -> 82.5 | G9: CUSTO | H9: MARCOS | I9: DESPESAS TOTAL | J9: DESPACHANTE
F10: =SUM(F4:F9) -> 4798.53 | G10: 1200 | H10: 450 | I10: =SUM(G10:H10) -> 1650 | J10: =F10*0.1 -> 479.853
F12: RESTANTE | G12: =F10-I10-J10 -> 2668.677

Sheet MALTA 4
A1: ITENS | B1: DESCRIÇÃO | C1: UND | D1: QUANT. | E1: PREÇO | F1: VALOR
E2: UNITÁRIIO
A3: 1.0 | B3: MOBILIZAÇÃO
A4: 1.1 | B4: ='[1]UNIDADE 12'!B4 -> Mobilização de equipamentos e pessoas para realização do levantamento para adquação do levantamento para atender as especificações do Manual de Georreferenciamento (MTGIR, 2022) | C4: km | D4: 10 | E4: =60*1.1 -> 66 | F4: =D4*E4 -> 660
A5: 2.0 | B5: LEVNTAMENTO CADASTRAL TERRITORIAL
A6: 2.1 | B6: ='[1]UNIDADE 12'!B6 -> Serviços de campo com o Registro de ART junto ao CREA, Honorários de responsabilidade técnica e consultoria de profissional habilitado e credenciado no INCRA para medição e Georreferenciamento dos vértices definidores do perímetro total conforme estabelece o Manual Técnico de Georrferenciamendo Imóveis Rurais 2022. | C6: hectares | D6: 51.2 | E6: 50 | F6: =D6*E6 -> 2560
A7: 2.2 | B7: ='[1]UNIDADE 12'!B7 -> Confecção e Implantação de Marcos e plaquetas Padrão INCRA. | C7: UNID | D7: 15 | E7: =25*1.1 -> 27.5 | F7: =D7*E7 -> 412.5
A8: 2.3 | B8: ='[1]UNIDADE 12'!B8 -> Serviços de Gabinete: Processamento de Dados GNSS e analise de dados, elaboração de planilhas eletrônicas, relatórios, cálculos, criação de Requerimentos no SIGEF | C8: hectares | D8: 51.2 | E8: =10*1.1 -> 11 | F8: =D8*E8 -> 563.2
A9: 2.4 | B9: ='[1]UNIDADE 12'!B9 -> Serviço de Gabinete: Elaboração de peças técnicas para subsidiar o processo de usocapião como: Elaboração de plantas Topográficas em CAD e calculos necessários com impressão em formato ABNT em 3 vias com a elaboração do memorial descritivo | C9: unid | D9: 5 | E9: =15*1.1 -> 16.5 | F9: =D9*E9 -> 82.5 | G9: CUSTO | H9: MARCOS | I9: DESPESAS TOTAL | J9: DESPACHANTE
F10: =SUM(F4:F9) -> 4278.2 | G10: 1600 | H10: 450 | I10: =SUM(G10:H10) -> 2050 | J10: =F10*0.1 -> 427.82
G12: =F10-I10-J10 -> 1800.38

Sheet MALTA 0
A1: ITENS | B1: DESCRIÇÃO | C1: UND | D1: QUANT. | E1: PREÇO | F1: VALOR
E2: UNITÁRIIO
A3: 1.0 | B3: MOBILIZAÇÃO
A4: 1.1 | B4: ='[1]UNIDADE 12'!B4 -> Mobilização de equipamentos e pessoas para realização do levantamento para adquação do levantamento para atender as especificações do Manual de Georreferenciamento (MTGIR, 2022) | C4: km | D4: 10 | E4: =60*1.1 -> 66 | F4: =D4*E4 -> 660
A5: 2.0 | B5: LEVNTAMENTO CADASTRAL TERRITORIAL
A6: 2.1 | B6: ='[1]UNIDADE 12'!B6 -> Serviços de campo com o Registro de ART junto ao CREA, Honorários de responsabilidade técnica e consultoria de profissional habilitado e credenciado no INCRA para medição e Georreferenciamento dos vértices definidores do perímetro total conforme estabelece o Manual Técnico de Georrferenciamendo Imóveis Rurais 2022. | C6: hectares | D6: 6.98 | E6: 50 | F6: =D6*E6 -> 349
A7: 2.2 | B7: ='[1]UNIDADE 12'!B7 -> Confecção e Implantação de Marcos e plaquetas Padrão INCRA. | C7: UNID | D7: 5 | E7: =25*1.1 -> 27.5 | F7: =D7*E7 -> 137.5
A8: 2.3 | B8: ='[1]UNIDADE 12'!B8 -> Serviços de Gabinete: Processamento de Dados GNSS e analise de dados, elaboração de planilhas eletrônicas, relatórios, cálculos, criação de Requerimentos no SIGEF | C8: hectares | D8: 6.98 | E8: =10*1.1 -> 11 | F8: =D8*E8 -> 76.78
A9: 2.4 | B9: ='[1]UNIDADE 12'!B9 -> Serviço de Gabinete: Elaboração de peças técnicas para subsidiar o processo de usocapião como: Elaboração de plantas Topográficas em CAD e calculos necessários com impressão em formato ABNT em 3 vias com a elaboração do memorial descritivo | C9: unid | D9: 5 | E9: =15*1.1 -> 16.5 | F9: =D9*E9 -> 82.5 | G9: CUSTO | H9: MARCOS | I9: DESPESAS TOTAL | J9: DESPACHANTE
F10: =SUM(F4:F9) -> 1305.78 | G10: 500 | H10: 450 | I10: =SUM(G10:H10) -> 950 | J10: =F10*0.1 -> 130.578
G12: =F10-I10-J10 -> 225.202

Sheet MALTA 7
A1: ITENS | B1: DESCRIÇÃO | C1: UND | D1: QUANT. | E1: PREÇO | F1: VALOR
E2: UNITÁRIIO
A3: 1.0 | B3: MOBILIZAÇÃO
A4: 1.1 | B4: ='[1]UNIDADE 12'!B4 -> Mobilização de equipamentos e pessoas para realização do levantamento para adquação do levantamento para atender as especificações do Manual de Georreferenciamento (MTGIR, 2022) | C4: km | D4: 10 | E4: =60*1.1 -> 66 | F4: =D4*E4 -> 660
A5: 2.0 | B5: LEVNTAMENTO CADASTRAL TERRITORIAL
A6: 2.1 | B6: ='[1]UNIDADE 12'!B6 -> Serviços de campo com o Registro de ART junto ao CREA, Honorários de responsabilidade técnica e consultoria de profissional habilitado e credenciado no INCRA para medição e Georreferenciamento dos vértices definidores do perímetro total conforme estabelece o Manual Técnico de Georrferenciamendo Imóveis Rurais 2022. | C6: hectares | D6: 39.7 | E6: 50 | F6: =D6*E6 -> 1985
A7: 2.2 | B7: ='[1]UNIDADE 12'!B7 -> Confecção e Implantação de Marcos e plaquetas Padrão INCRA. | C7: UNID | D7: 10 | E7: =25*1.1 -> 27.5 | F7: =D7*E7 -> 275
A8: 2.3 | B8: ='[1]UNIDADE 12'!B8 -> Serviços de Gabinete: Processamento de Dados GNSS e analise de dados, elaboração de planilhas eletrônicas, relatórios, cálculos, criação de Requerimentos no SIGEF | C8: hectares | D8: 39.7 | E8: =10*1.1 -> 11 | F8: =D8*E8 -> 436.7
A9: 2.4 | B9: ='[1]UNIDADE 12'!B9 -> Serviço de Gabinete: Elaboração de peças técnicas para subsidiar o processo de usocapião como: Elaboração de plantas Topográficas em CAD e calculos necessários com impressão em formato ABNT em 3 vias com a elaboração do memorial descritivo | C9: unid | D9: 5 | E9: =15*1.1 -> 16.5 | F9: =D9*E9 -> 82.5 | G9: CUSTO | H9: MARCOS | I9: DESPESAS TOTAL | J9: DESPACHANTE
F10: =SUM(F4:F9) -> 3439.2 | G10: 1200 | H10: 450 | I10: =SUM(G10:H10) -> 1650 | J10: =F10*0.1 -> 343.92
G12: =F10-I10-J10 -> 1445.28

Sheet MALTA 6
A1: ITENS | B1: DESCRIÇÃO | C1: UND | D1: QUANT. | E1: PREÇO | F1: VALOR
E2: UNITÁRIIO
A3: 1.0 | B3: MOBILIZAÇÃO
A4: 1.1 | B4: ='[1]UNIDADE 12'!B4 -> Mobilização de equipamentos e pessoas para realização do levantamento para adquação do levantamento para atender as especificações do Manual de Georreferenciamento (MTGIR, 2022) | C4: km | D4: 10 | E4: =60*1.1 -> 66 | F4: =D4*E4 -> 660
A5: 2.0 | B5: LEVNTAMENTO CADASTRAL TERRITORIAL
A6: 2.1 | B6: ='[1]UNIDADE 12'!B6 -> Serviços de campo com o Registro de ART junto ao CREA, Honorários de responsabilidade técnica e consultoria de profissional habilitado e credenciado no INCRA para medição e Georreferenciamento dos vértices definidores do perímetro total conforme estabelece o Manual Técnico de Georrferenciamendo Imóveis Rurais 2022. | C6: hectares | D6: 67.54 | E6: 50 | F6: =D6*E6 -> 3377
A7: 2.2 | B7: ='[1]UNIDADE 12'!B7 -> Confecção e Implantação de Marcos e plaquetas Padrão INCRA. | C7: UNID | D7: 10 | E7: =25*1.1 -> 27.5 | F7: =D7*E7 -> 275
A8: 2.3 | B8: ='[1]UNIDADE 12'!B8 -> Serviços de Gabinete: Processamento de Dados GNSS e analise de dados, elaboração de planilhas eletrônicas, relatórios, cálculos, criação de Requerimentos no SIGEF | C8: hectares | D8: 67.54 | E8: =10*1.1 -> 11 | F8: =D8*E8 -> 742.94
A9: 2.4 | B9: ='[1]UNIDADE 12'!B9 -> Serviço de Gabinete: Elaboração de peças técnicas para subsidiar o processo de usocapião como: Elaboração de plantas Topográficas em CAD e calculos necessários com impressão em formato ABNT em 3 vias com a elaboração do memorial descritivo | C9: unid | D9: 5 | E9: =15*1.1 -> 16.5 | F9: =D9*E9 -> 82.5 | G9: CUSTO | H9: MARCOS | I9: DESPESAS TOTAL | J9: DESPACHANTE
F10: =SUM(F4:F9) -> 5137.44 | G10: 1800 | H10: 450 | I10: =SUM(G10:H10) -> 2250 | J10: =F10*0.1 -> 513.744
G12: =F10-I10-J10 -> 2373.696

Sheet PLANILHA TOTAL
A1: ITENS | B1: PROPRIEDADE | C1: PREÇO | D1: DESPESAS | E1: DESPACHANTE
A2: 1 | B2: VIZINHO DE MAURÍCIO | C2: ='VÍZINHO DE MAURÍCIO'!F10 -> 4798.53 | D2: ='VÍZINHO DE MAURÍCIO'!I10 -> 1650 | E2: =C2*0.1 -> 479.853
A3: 2 | B3: MALTA 4 | C3: ='MALTA 4'!F10 -> 4278.2 | D3: ='MALTA 4'!I10 -> 2050 | E3: =C3*0.1 -> 427.82
A4: 3 | B4: MALTA 0 | C4: ='MALTA 0'!F10 -> 1305.78 | D4: ='MALTA 0'!I10 -> 950 | E4: =C4*0.1 -> 130.578
A5: 4 | B5: MALTA 7 | C5: ='MALTA 7'!F10 -> 3439.2 | D5: ='MALTA 7'!I10 -> 1650 | E5: =C5*0.1 -> 343.92
A6: 5 | B6: MALTA 6 | C6: ='MALTA 6'!F10 -> 5137.44 | D6: ='MALTA 6'!I10 -> 2250 | E6: =C6*0.1 -> 513.744
B7: TOTAL | C7: =SUM(C2:C6) -> 18959.15 | D7: =SUM(D2:D6) -> 8550 | E7: =SUM(E2:E6) -> 1895.915
C10: =C7-E7 -> 17063.235
B12: ESCRITÓRIO
G13: =C7*1.15 -> 21803.022
G14: 29082.15
G15: =SUM(G13:G14) -> 50885.173
