Workbook

Sheet TOTAL
A1: id | B1: GRANJA | C1: VALOR | D1: BDI=18% | E1: DESPESAS
A2: 1 | B2: Granja Aline | C2: ='Granja Aline'!F9 -> 2390 | D2: =C2*1.18 -> 2820.2 | E2: ='Granja Aline'!F18 -> 1470
A3: 2 | B3: Granja Chaparral | C3: ='Granja Chaparral '!F9 -> 3930 | D3: =C3*1.18 -> 4637.4 | E3: ='Granja Chaparral '!F18 -> 970
A4: 3 | B4: Granja Três js | C4: ='Granja Três js '!F8 -> 1890 | D4: =C4*1.18 -> 2230.2 | E4: ='Granja Três js '!F17 -> 1170
A5: 4 | B5: Granja Calheiros | C5: ='Granja Calheiros'!F8 -> 4170 | D5: =C5*1.18 -> 4920.6 | E5: ='Granja Calheiros'!F17 -> 1170
A6: 5 | B6: Granja Goitá | C6: ='Granja Goita'!F8 -> 1770 | D6: =C6*1.18 -> 2088.6 | E6: ='Granja Goita'!F17 -> 970
A7: 6 | B7: Granja Santo Antonio | C7: ='Granja Santo Antôni'!F8 -> 2370 | D7: =C7*1.18 -> 2796.6 | E7: ='Granja Santo Antôni'!F17 -> 1220
A8: 7 | B8: Granja Pai e Filho | C8: ='Granja Pai filho'!F8 -> 2970 | D8: =C8*1.18 -> 3504.6 | E8: ='Granja Pai filho'!F17 -> 1220
A9: 8 | B9: Granja Xaréu | C9: ='GRANJA XARÉU'!F8 -> 1620 | D9: =C9*1.18 -> 1911.6 | E9: ='GRANJA XARÉU'!F17 -> 1220
A10: 9 | B10: Granja São Miguel | C10: ='Granja São Migue'!F8 -> 1420 | D10: =C10*1.18 -> 1675.6 | E10: ='Granja São Migue'!F17 -> 970
B11: TOTAL R$ | C11: =SUM(C2:C10) -> 22530 | D11: =SUM(D2:D10) -> 26585.4 | E11: =SUM(E2:E10) -> 10380

Sheet Granja Aline
A1: ITENS | B1: DESCRIÇÃO | C1: UND | D1: QUANT | E1: PREÇO UNIT | F1: PREÇO
A2: 1.0 | B2: MOBILIZAÇÃO
A3: 1.1 | B3: Mobilização de equipamentos e pessoas para realização do levantamento | C3: VERBA | D3: 1 | E3: =450+60+160 -> 670 | F3: =D3*E3 -> 670
A4: 2.0 | B4: LEVANTAMENTO TOPOGRÁFICO E INSUMOS DE CAMPO
A5: 2.1 | B5: Levantamento Territorial georreferenciado por receptores geodésicos de posicionamento por satélite (GNSS) de Dupla frequecia pelo método relativo estático rápido ou stop-go/NTRIP para para pontos de apoio ou para levantar os limites legais (naturais e artificiais do imóvel), assim como levantamento por irradiamento, poligonal ou encaminhamento por trena e estação total conforme a Manual Técnico de Georreferenciamento | C5: ha | D5: 4 | E5: 180 | F5: =D5*E5 -> 720
A6: 3.0 | B6: ESCRITÓRIO
A7: 3.1 | B7: Projeto de Certificação junto ao Sistema de Gestão Fundiária (SIGF) do INCRA com elaboração e submissão de Planilha ODS junto ao SIGEF, geração de plantas em CAD e cálulos e memoriais descritivos, declaração conjunta necessários com impressão em formato ABNT em 3 vias com a elaboração do memorial descritivo, com Anotação de Responsabilidade Técnica - ART | C7: Verba | D7: 1 | E7: 900 | F7: 1000
A8: 3.2 | B8: Elaboração de Projeto arquitetonico de dependencias para atender as necessidades do IPA | C8: Verba | D8: 1 | E8: 600 | F8: 1000
B9: TOTAL | F9: =SUM(F2:F7) -> 2390
H10: =F11-F9 -> -2390
E13: Benedito | F13: 500
E14: Marcos e Plaqueta | F14: 700
E15: Ajudante | F15: 170
E16: Platagem | F16: 50
E17: Gasolina | F17: 50
F18: =SUM(F13:F17) -> 1470

Sheet Granja Chaparral 
A1: ITENS | B1: DESCRIÇÃO | C1: UND | D1: QUANT | E1: PREÇO UNIT | F1: PREÇO
A2: 1.0 | B2: MOBILIZAÇÃO
A3: 1.1 | B3: Mobilização de equipamentos e pessoas para realização do levantamento | C3: VERBA | D3: 1 | E3: =450+60+160 -> 670 | F3: =D3*E3 -> 670
A4: 2.0 | B4: LEVANTAMENTO TOPOGRÁFICO E INSUMOS DE CAMPO
A5: 2.1 | B5: Levantamento Territorial georreferenciado por receptores geodésicos de posicionamento por satélite (GNSS) de Dupla frequecia pelo método relativo estático rápido ou stop-go/NTRIP para para pontos de apoio ou para levantar os limites legais (naturais e artificiais do imóvel), assim como levantamento por irradiamento, poligonal ou encaminhamento por trena e estação total conforme a Manual Técnico de Georreferenciamento | C5: ha | D5: 7 | E5: 180 | F5: =D5*E5 -> 1260
A6: 3.0 | B6: ESCRITÓRIO
A7: 3.1 | B7: Projeto de Certificação junto ao Sistema de Gestão Fundiária (SIGF) do INCRA com elaboração e submissão de Planilha ODS junto ao SIGEF, geração de plantas em CAD e cálulos e memoriais descritivos, declaração conjunta necessários com impressão em formato ABNT em 3 vias com a elaboração do memorial descritivo, com Anotação de Responsabilidade Técnica - ART | C7: Verba | D7: 1 | E7: 900 | F7: 1000
A8: 3.2 | B8: Elaboração de Projeto arquitetonico de dependencias para atender as necessidades do IPA | C8: VERBA | D8: 1 | E8: 600 | F8: 1000
B9: TOTAL | F9: =SUM(F2:F8) -> 3930
H10: =F11-F9 -> -3930
E13: Despesas
E14: Marcos e Plaqueta | F14: 700
E15: Ajudante | F15: 170
E16: Platagem | F16: 50
E17: Gasolina | F17: 50
F18: =SUM(F13:F17) -> 970

Sheet Granja Três js 
A1: ITENS | B1: DESCRIÇÃO | C1: UND | D1: QUANT | E1: PREÇO UNIT | F1: PREÇO
A2: 1.0 | B2: MOBILIZAÇÃO
A3: 1.1 | B3: Mobilização de equipamentos e pessoas para realização do levantamento | C3: VERBA | D3: 1 | E3: =450+60+160 -> 670 | F3: =D3*E3 -> 670
A4: 2.0 | B4: LEVANTAMENTO TOPOGRÁFICO E INSUMOS DE CAMPO
A5: 2.1 | B5: Levantamento Territorial georreferenciado por receptores geodésicos de posicionamento por satélite (GNSS) de Dupla frequecia pelo método relativo estático rápido ou stop-go/NTRIP para para pontos de apoio ou para levantar os limites legais (naturais e artificiais do imóvel), assim como levantamento por irradiamento, poligonal ou encaminhamento por trena e estação total conforme a Manual Técnico de Georreferenciamento | C5: ha | D5: 1.1 | E5: 200 | F5: =D5*E5 -> 220
A6: 3.0 | B6: ESCRITÓRIO
A7: 3.1 | B7: Elaboração de Projeto arquitetonico de dependencias para atender as necessidades do IPA | C7: VERBA | D7: 1 | E7: 500 | F7: 1000
B8: TOTAL | F8: =SUM(F2:F7) -> 1890
H9: =F10-F8 -> -1890
E12: Benedito | F12: 500
E13: Despesas +Marcos e Plaqueta | F13: 400
E14: Ajudante | F14: 170
E15: Plotagem | F15: 50
E16: Gasolina | F16: 50
F17: =SUM(F12:F16) -> 1170

Sheet Granja Calheiros
A1: ITENS | B1: DESCRIÇÃO | C1: UND | D1: QUANT | E1: PREÇO UNIT | F1: PREÇO
A2: 1.0 | B2: MOBILIZAÇÃO
A3: 1.1 | B3: Mobilização de equipamentos e pessoas para realização do levantamento | C3: VERBA | D3: 1 | E3: =450+60+160 -> 670 | F3: =D3*E3 -> 670
A4: 2.0 | B4: LEVANTAMENTO TOPOGRÁFICO E INSUMOS DE CAMPO
A5: 2.1 | B5: Levantamento Territorial georreferenciado por receptores geodésicos de posicionamento por satélite (GNSS) de Dupla frequecia pelo método relativo estático rápido ou stop-go/NTRIP para para pontos de apoio ou para levantar os limites legais (naturais e artificiais do imóvel), assim como levantamento por irradiamento, poligonal ou encaminhamento por trena e estação total conforme a Manual Técnico de Georreferenciamento | C5: ha | D5: 20 | E5: 150 | F5: =D5*E5 -> 3000
A6: 3.0 | B6: ESCRITÓRIO
A7: 3.1 | B7: Elaboração de Projeto arquitetonico de dependencias para atender as necessidades do IPA | C7: VERBA | D7: 1 | E7: 500 | F7: =D7*E7 -> 500
B8: TOTAL | F8: =SUM(F2:F7) -> 4170
H9: =F10-F8 -> -4170
E12: Benedito | F12: 500
E13: Despesas +Marcos e Plaqueta | F13: 400
E14: Ajudante | F14: 170
E15: Plotagem | F15: 50
E16: Gasolina | F16: 50
F17: =SUM(F12:F16) -> 1170

Sheet Granja Goita
A1: ITENS | B1: DESCRIÇÃO | C1: UND | D1: QUANT | E1: PREÇO UNIT | F1: PREÇO
A2: 1.0 | B2: MOBILIZAÇÃO
A3: 1.1 | B3: Mobilização de equipamentos e pessoas para realização do levantamento | C3: VERBA | D3: 1 | E3: =450+60+160 -> 670 | F3: =D3*E3 -> 670
A4: 2.0 | B4: LEVANTAMENTO TOPOGRÁFICO E INSUMOS DE CAMPO
A5: 2.1 | B5: Levantamento Territorial georreferenciado por receptores geodésicos de posicionamento por satélite (GNSS) de Dupla frequecia pelo método relativo estático rápido ou stop-go/NTRIP para para pontos de apoio ou para levantar os limites legais (naturais e artificiais do imóvel), assim como levantamento por irradiamento, poligonal ou encaminhamento por trena e estação total conforme a Manual Técnico de Georreferenciamento | C5: ha | D5: 2 | E5: 300 | F5: =D5*E5 -> 600
A6: 3.0 | B6: ESCRITÓRIO
A7: 3.1 | B7: Elaboração de Projeto arquitetonico de dependencias para atender as necessidades do IPA | C7: VERBA | D7: 1 | E7: 500 | F7: =D7*E7 -> 500
B8: TOTAL | F8: =SUM(F2:F7) -> 1770
H9: =F10-F8 -> -1770
E12: Benedito | F12: 500
E13: Despesas +Marcos e Plaqueta | F13: 200
E14: Ajudante | F14: 170
E15: Plotagem | F15: 50
E16: Gasolina | F16: 50
F17: =SUM(F12:F16) -> 970

Sheet Granja Santo Antôni
A1: ITENS | B1: DESCRIÇÃO | C1: UND | D1: QUANT | E1: PREÇO UNIT | F1: PREÇO
A2: 1.0 | B2: MOBILIZAÇÃO
A3: 1.1 | B3: Mobilização de equipamentos e pessoas para realização do levantamento | C3: VERBA | D3: 1 | E3: =450+60+160 -> 670 | F3: =D3*E3 -> 670
A4: 2.0 | B4: LEVANTAMENTO TOPOGRÁFICO E INSUMOS DE CAMPO
A5: 2.1 | B5: Levantamento Territorial georreferenciado por receptores geodésicos de posicionamento por satélite (GNSS) de Dupla frequecia pelo método relativo estático rápido ou stop-go/NTRIP para para pontos de apoio ou para levantar os limites legais (naturais e artificiais do imóvel), assim como levantamento por irradiamento, poligonal ou encaminhamento por trena e estação total conforme a Manual Técnico de Georreferenciamento | C5: ha | D5: 4 | E5: 300 | F5: =D5*E5 -> 1200
A6: 3.0 | B6: ESCRITÓRIO
A7: 3.1 | B7: Elaboração de Projeto arquitetonico de dependencias para atender as necessidades do IPA | C7: VERBA | D7: 1 | E7: 500 | F7: =D7*E7 -> 500
B8: TOTAL | F8: =SUM(F2:F7) -> 2370
H9: =F10-F8 -> -2370
E12: Benedito | F12: 500
E13: Despesas +Marcos e Plaqueta | F13: 450
E14: Ajudante | F14: 170
E15: Plotagem | F15: 50
E16: Gasolina | F16: 50
F17: =SUM(F12:F16) -> 1220

Sheet Granja Pai filho
A1: ITENS | B1: DESCRIÇÃO | C1: UND | D1: QUANT | E1: PREÇO UNIT | F1: PREÇO
A2: 1.0 | B2: MOBILIZAÇÃO
A3: 1.1 | B3: Mobilização de equipamentos e pessoas para realização do levantamento | C3: VERBA | D3: 1 | E3: =450+60+160 -> 670 | F3: =D3*E3 -> 670
A4: 2.0 | B4: LEVANTAMENTO TOPOGRÁFICO E INSUMOS DE CAMPO
A5: 2.1 | B5: Levantamento Territorial georreferenciado por receptores geodésicos de posicionamento por satélite (GNSS) de Dupla frequecia pelo método relativo estático rápido ou stop-go/NTRIP para para pontos de apoio ou para levantar os limites legais (naturais e artificiais do imóvel), assim como levantamento por irradiamento, poligonal ou encaminhamento por trena e estação total conforme a Manual Técnico de Georreferenciamento | C5: ha | D5: 12 | E5: 150 | F5: =D5*E5 -> 1800
A6: 3.0 | B6: ESCRITÓRIO
A7: 3.1 | B7: Elaboração de Projeto arquitetonico de dependencias para atender as necessidades do IPA | C7: VERBA | D7: 1 | E7: 500 | F7: =D7*E7 -> 500
B8: TOTAL | F8: =SUM(F2:F7) -> 2970
H9: =F10-F8 -> -2970
E12: Benedito | F12: 500
E13: Despesas +Marcos e Plaqueta | F13: 450
E14: Ajudante | F14: 170
E15: Plotagem | F15: 50
E16: Gasolina | F16: 50
F17: =SUM(F12:F16) -> 1220

Sheet GRANJA XARÉU
A1: ITENS | B1: DESCRIÇÃO | C1: UND | D1: QUANT | E1: PREÇO UNIT | F1: PREÇO
A2: 1.0 | B2: MOBILIZAÇÃO
A3: 1.1 | B3: Mobilização de equipamentos e pessoas para realização do levantamento | C3: VERBA | D3: 1 | E3: =450+60+160 -> 670 | F3: =D3*E3 -> 670
A4: 2.0 | B4: LEVANTAMENTO TOPOGRÁFICO E INSUMOS DE CAMPO
A5: 2.1 | B5: Levantamento Territorial georreferenciado por receptores geodésicos de posicionamento por satélite (GNSS) de Dupla frequecia pelo método relativo estático rápido ou stop-go/NTRIP para para pontos de apoio ou para levantar os limites legais (naturais e artificiais do imóvel), assim como levantamento por irradiamento, poligonal ou encaminhamento por trena e estação total conforme a Manual Técnico de Georreferenciamento | C5: ha | D5: 3 | E5: 150 | F5: =D5*E5 -> 450
A6: 3.0 | B6: ESCRITÓRIO
A7: 3.1 | B7: Elaboração de Projeto arquitetonico de dependencias para atender as necessidades do IPA | C7: VERBA | D7: 1 | E7: 500 | F7: =D7*E7 -> 500
B8: TOTAL | F8: =SUM(F2:F7) -> 1620
H9: =F10-F8 -> -1620
E12: Benedito | F12: 500
E13: Despesas +Marcos e Plaqueta | F13: 450
E14: Ajudante | F14: 170
E15: Plotagem | F15: 50
E16: Gasolina | F16: 50
F17: =SUM(F12:F16) -> 1220

Sheet Granja São Migue
A1: ITENS | B1: DESCRIÇÃO | C1: UND | D1: QUANT | E1: PREÇO UNIT | F1: PREÇO
A2: 1.0 | B2: MOBILIZAÇÃO
A3: 1.1 | B3: Mobilização de equipamentos e pessoas para realização do levantamento | C3: VERBA | D3: 1 | E3: =450+60+160 -> 670 | F3: =D3*E3 -> 670
A4: 2.0 | B4: LEVANTAMENTO TOPOGRÁFICO E INSUMOS DE CAMPO
A5: 2.1 | B5: Levantamento Territorial georreferenciado por receptores geodésicos de posicionamento por satélite (GNSS) de Dupla frequecia pelo método relativo estático rápido ou stop-go/NTRIP para para pontos de apoio ou para levantar os limites legais (naturais e artificiais do imóvel), assim como levantamento por irradiamento, poligonal ou encaminhamento por trena e estação total conforme a Manual Técnico de Georreferenciamento | C5: ha | D5: 1 | E5: 250 | F5: =D5*E5 -> 250
A6: 3.0 | B6: ESCRITÓRIO
A7: 3.1 | B7: Elaboração de Projeto arquitetonico de dependencias para atender as necessidades do IPA | C7: VERBA | D7: 1 | E7: 500 | F7: =D7*E7 -> 500
B8: TOTAL | F8: =SUM(F2:F7) -> 1420
H9: =F10-F8 -> -1420
E12: Benedito | F12: 500
E13: Despesas +Marcos e Plaqueta | F13: 200
E14: Ajudante | F14: 170
E15: Plotagem | F15: 50
E16: Gasolina | F16: 50
F17: =SUM(F12:F16) -> 970
