Workbook

Sheet AEROLVENTAMENTO DAS MATAS
A1: ITENS | B1: DESCRIÇÃO | C1: UND | D1: QUANT. | E1: PREÇO UNITÁRIIO | F1: PREÇO
A2: 1.1 | B2: Mobilização de equipamentos e pessoas para realização do levantamento | C2: VERBA | D2: 2 | E2: 500 | F2: =D2*E2 -> 1000
A3: 2.1 | B3: Aerolevantamento com uso de Drone sem Apoio check e apoio com as devidas autorizaçãoes de Vôo. (Aproximadamente 164 hectares) | C3: VERBA | D3: 1 | E3: =9000/4 -> 2250 | F3: =D3*E3 -> 2250
A4: 2.3 | B4: Geração de Ortomoisaico com a vetorização (delimitação) de Galiheiros, matas e acudes e edificações e estradas para geração de plantas topográficas planialtimétrica com uso de Imagens de Drone com a devida responsabilidade técnica. (Aproximadamente 35 hectares) | C4: VERBA | D4: 1 | E4: =5000/4 -> 1250 | F4: =D4*E4 -> 1250
B5: TOTAL | F5: =SUM(F2:F4) -> 4500 | G5: Custo | H5: Marco | I5: Despesas Total | J5: Despachante
G6: 1000 | H6: 0 | I6: =G6+H6 -> 1000 | J6: =F5*0.1 -> 450
F8: Restante | G8: =F5-I6-J6 -> 3050

Sheet AEROLEVANTAMENTO  164 HECTA
A1: ITENS | B1: DESCRIÇÃO | C1: UND | D1: QUANT. | E1: PREÇO UNITÁRIIO | F1: PREÇO
A2: 1.1 | B2: Mobilização de equipamentos e pessoas para realização do levantamento | C2: VERBA | D2: 6 | E2: 450 | F2: =D2*E2 -> 2700
A3: 2.1 | B3: Aerolevantamento com uso de Drone com Apoio check e apoio e as devidas autorizaçãoes de Vôo. (Aproximadamente 164 hectares) | C3: VERBA | D3: 1 | E3: 9000 | F3: =D3*E3 -> 9000
A4: 2.3 | B4: Geração de Ortomoisaico com a vetorização (delimitação) de Galiheiros, matas e acudes e edificações e estradas para geração de plantas topográficas planialtimétrica com uso de Imagens de Drone com a devida responsabilidade técnica. (Aproximadamente 164 hectares) | C4: VERBA | D4: 1 | E4: 5000 | F4: =D4*E4 -> 5000
B5: TOTAL | F5: =SUM(F2:F4) -> 16700 | G5: Custo | I5: Despesas Total | J5: Despachante
G6: 6000 | H6: 0 | I6: =G6+H6 -> 6000 | J6: =F5*0.1 -> 1670
G8: =F5-I6-J6 -> 9030

Sheet ÁREA 164 HA
A1: ITENS | B1: DESCRIÇÃO | C1: UND | D1: QUANT. | E1: PREÇO | F1: VALOR
E2: UNITÁRIIO
A3: 1.0 | B3: MOBILIZAÇÃO
A4: 1.1 | B4: Mobilização de equipamentos e pessoas para realização do levantamento para adquação do levantamento para atender as especificações do Manual de Georreferenciamento (MTGIR, 2022) | C4: km | D4: 10 | E4: 80 | F4: =D4*E4 -> 800
A5: 2.0 | B5: LEVNTAMENTO CADASTRAL TERRITORIAL
A6: 2.1 | B6: Serviços de campo com o Registro de ART junto ao CREA, Honorários de responsabilidade técnica e consultoria de profissional habilitado e credenciado no INCRA para medição e Georreferenciamento dos vértices definidores do perímetro total conforme estabelece o Manual Técnico de Georrferenciamendo Imóveis Rurais 2022. | C6: hectares | D6: 164 | E6: 62 | F6: =D6*E6 -> 10168
A7: 2.2 | B7: Confecção e Implantação de Marcos e plaquetas Padrão INCRA. | C7: UNID | D7: 12 | E7: 45 | F7: =D7*E7 -> 540
A8: 2.3 | B8: Serviços de Gabinete: Processamento de Dados GNSS e analise de dados, elaboração de planilhas eletrônicas, relatórios, cálculos, criação de Requerimentos no SIGEF | C8: hectares | D8: 164 | E8: 12 | F8: =D8*E8 -> 1968
A9: 2.4 | B9: Serviço de Gabinete: Elaboração de peças técnicas para subsidiar o processo de usocapião como: Elaboração de plantas Topográficas em CAD e calculos necessários com impressão em formato ABNT em 3 vias com a elaboração do memorial descritivo | C9: unid | D9: 5 | E9: 135 | F9: =D9*E9 -> 675 | G9: Custo | H9: marcos | I9: Despesas Total | J9: Despachante
A10: TOTAL | F10: =SUM(F4:F9) -> 14151 | G10: 2500 | H10: =D7*12 -> 144 | I10: =G10+H10 -> 2644 | J10: =F10*0.1 -> 1415.1
F12: Restante | G12: =F10-I10-J10 -> 10091.9

Sheet ÁREA DE 74 HA
A1: ITENS | B1: DESCRIÇÃO | C1: UND | D1: QUANT. | E1: PREÇO | F1: VALOR
E2: UNITÁRIIO
A3: 1.0 | B3: MOBILIZAÇÃO
A4: 1.1 | B4: Mobilização de equipamentos e pessoas para realização do levantamento para adquação do levantamento para atender as especificações do Manual de Georreferenciamento (MTGIR, 2022) | C4: km | D4: 10 | E4: 80 | F4: =D4*E4 -> 800
A5: 2.0 | B5: LEVNTAMENTO CADASTRAL TERRITORIAL
A6: 2.1 | B6: ='ÁREA 164 HA'!B6 -> Serviços de campo com o Registro de ART junto ao CREA, Honorários de responsabilidade técnica e consultoria de profissional habilitado e credenciado no INCRA para medição e Georreferenciamento dos vértices definidores do perímetro total conforme estabelece o Manual Técnico de Georrferenciamendo Imóveis Rurais 2022. | C6: hectares | D6: 74 | E6: 62 | F6: =D6*E6 -> 4588
A7: 2.2 | B7: ='ÁREA 164 HA'!B7 -> Confecção e Implantação de Marcos e plaquetas Padrão INCRA. | C7: UNID | D7: 10 | E7: 45 | F7: =D7*E7 -> 450
A8: 2.3 | B8: ='ÁREA 164 HA'!B8 -> Serviços de Gabinete: Processamento de Dados GNSS e analise de dados, elaboração de planilhas eletrônicas, relatórios, cálculos, criação de Requerimentos no SIGEF | C8: hectares | D8: 16.47 | E8: 12 | F8: =D8*E8 -> 197.64
A9: 2.4 | B9: ='ÁREA 164 HA'!B9 -> Serviço de Gabinete: Elaboração de peças técnicas para subsidiar o processo de usocapião como: Elaboração de plantas Topográficas em CAD e calculos necessários com impressão em formato ABNT em 3 vias com a elaboração do memorial descritivo | C9: unid | D9: 5 | E9: 135 | F9: =D9*E9 -> 675 | G9: Custo | H9: marcos | I9: Despesas Total | J9: Despachante
A10: TOTAL | F10: =SUM(F4:F9) -> 6710.64 | G10: 700 | H10: =35*12 -> 420 | I10: =G10+H10 -> 1120 | J10: =F10*0.1 -> 671.064
F12: Restante | G12: =F10-I10-J10 -> 4919.576

Sheet PLANILHA TOTAL
A1: ITENS | B1: PROPRIEDADE | C1: PREÇO | D1: DESPESAS | E1: DESPACHANTE
A2: 1 | B2: ÁREA 164 H | C2: ='ÁREA 164 HA'!F10 -> 14151 | D2: ='ÁREA 164 HA'!I10 -> 2644 | E2: =C2*0.1 -> 1415.1
A3: 2 | B3: ÁREA DE 74 H | C3: ='ÁREA DE 74 HA'!F10 -> 6710.64 | D3: ='ÁREA DE 74 HA'!I10 -> 1120 | E3: =C3*0.1 -> 671.064
A4: 3 | B4: AEROLEVANTAMENTO 164 H | C4: ='AEROLEVANTAMENTO 164 HECTA'!F5 -> 16700 | D4: ='AEROLEVANTAMENTO 164 HECTA'!I6 -> 6000 | E4: ='AEROLEVANTAMENTO 164 HECTA'!J6 -> 1670
A5: TOTAL | C5: =SUM(C2:C4) -> 37561.64 | D5: =SUM(D2:D4) -> 9764 | E5: =SUM(E2:E4) -> 3756.164

Sheet ÁREA 16 HA
A1: ITENS | B1: DESCRIÇÃO | C1: UND | D1: QUANT. | E1: PREÇO | F1: VALOR
E2: UNITÁRIIO
A3: 1.0 | B3: MOBILIZAÇÃO
A4: 1.1 | B4: Mobilização de equipamentos e pessoas para realização do levantamento para adquação do levantamento para atender as especificações do Manual de Georreferenciamento (MTGIR, 2022) | C4: km | D4: 15 | E4: 80 | F4: =D4*E4 -> 1200
A5: 2.0 | B5: LEVNTAMENTO CADASTRAL TERRITORIAL
A6: 2.1 | B6: Serviços de campo com o Registro de ART junto ao CREA, Honorários de responsabilidade técnica e consultoria de profissional habilitado e credenciado no INCRA para medição e Georreferenciamento dos vértices definidores do perímetro total conforme estabelece o Manual Técnico de Georrferenciamendo Imóveis Rurais 2022. | C6: hectares | D6: 16 | E6: 62 | F6: =D6*E6 -> 992
A7: 2.2 | B7: Confecção e Implantação de Marcos e plaquetas Padrão INCRA. | C7: UNID | D7: 16 | E7: 45 | F7: =D7*E7 -> 720
A8: 2.3 | B8: Serviços de Gabinete: Processamento de Dados GNSS e analise de dados, elaboração de planilhas eletrônicas, relatórios, cálculos, criação de Requerimentos no SIGEF | C8: hectares | D8: 16 | E8: 13 | F8: =D8*E8 -> 208
A9: 2.4 | B9: Serviço de Gabinete: Elaboração de peças técnicas para subsidiar o processo de usocapião como: Elaboração de plantas Topográficas em CAD e calculos necessários com impressão em formato ABNT em 3 vias com a elaboração do memorial descritivo | C9: unid | D9: 3 | E9: 135 | F9: =D9*E9 -> 405 | G9: Custo | H9: marcos | I9: Despesas Total | J9: Despachante
A10: TOTAL | F10: =SUM(F4:F9) -> 3525 | G10: 2500 | H10: =D7*12 -> 192 | I10: =G10+H10 -> 2692 | J10: =F10*0.1 -> 352.5
F12: Restante | G12: =F10-I10-J10 -> 480.5
