Workbook

Sheet Custos 1
A1: ITENS | B1: DESCRIÇÃO | C1: UND | D1: QUANTIDADE | E1: PREÇO UNITÁRIO | F1: PREÇO
A2: 1 | B2: Confeção de Planta e Memoriais descritivos com Impressão em 3 vias | C2: UNID | D2: 16 | E2: 200 | F2: =D2*E2 -> 3200
A3: 2 | B3: Anotação de Responsabilidade das Plantas e Memorias Descritivos | C3: UNID | D3: 16 | E3: 200 | F3: =D3*E3 -> 3200
A4: 3 | B4: Fornecimento de Marcos de Concreto para Divisa | C4: UNID | D4: 45 | E4: 10 | F4: =D4*E4 -> 450
A5: 4 | B5: Implantação de Marcos | C5: UNID | D5: 16 | E5: 22.5 | F5: =D5*E5 -> 360
A6: 5 | B6: Fornecimento de veiculo para transportar os marcos | C6: verba | D6: 1 | E6: 400 | F6: =D6*E6 -> 400
D7: TOTAL: | F7: =SUM(F2:F6) -> 7610

Sheet Planilha Proposta
A1: ITENS | B1: DESCRIÇÃO | C1: UND | D1: QUANT | E1: PREÇO UNIT | F1: VALOR
A2: 1.0 | B2: MOBILIZAÇÃO
A3: 1.1 | B3: Mobilização de equipamentos e pessoas para realização do levantamento e Locação dos Vértices | C3: VERBA | D3: 3 | E3: ='Custos 2'!E3*(1+'Custos 2'!$K$11) -> 3563.829 | F3: =D3*E3 -> 10691.487
A5: 2.0 | B5: LEVANTAMENTO TOPOGRÁFICO E INSUMOS DE CAMPO
A6: 2.1 | B6: Aerolevantamento Com uso de drone para revisão e compatibilização das medidas perimetrais e extração de curvas de nível de 1 metro para o projeto de atualização do Projeto de Parcelamento | C6: Verba | D6: 1 | E6: ='Custos 2'!E6*(1+'Custos 2'!$K$11) -> 2819.4849 | F6: =D6*E6 -> 2819.4849
A7: 2.2 | B7: Imlantação e locação de Lotes conforme projeto de Pracelamento | C7: LOTES | D7: 50 | E7: ='Custos 2'!E7*(1+'Custos 2'!$K$11) -> 281.94849 | F7: =D7*E7 -> 14097.425
A8: 2.2 | B8: Confeção e Implantação de marcos Padrão Loteamento com Plaqueta | C8: unid | D8: ='Custos 2'!I8 -> 108 | E8: ='Custos 2'!E8*(1+'Custos 2'!$K$11) -> 16.91691 | F8: =D8*E8 -> 1827.0262
A9: 3.0 | B9: ESCRITÓRIO
A10: 3.1 | B10: Projeto de Parcelamento e geração de plantas em CAD e cálulos e memoriais descritivos, com impressão em formato ABNT em 3 vias com a elaboração do memorial descritivo, com Anotação de Responsabilidade Técnica - ART | C10: Verba | D10: 1 | E10: ='Custos 2'!E10*(1+'Custos 2'!$K$11) -> 902.23518 | F10: =D10*E10 -> 902.23518
B11: TOTAL | F11: =SUM(F2:F10) -> 30337.658

Sheet Custos 2
A1: ITENS | B1: DESCRIÇÃO | C1: UND | D1: QUANT | E1: PREÇO UNIT | F1: PREÇO | G1: PREÇO TOTAL
A2: 1.0 | B2: MOBILIZAÇÃO
A3: 1.1 | B3: Mobilização de equipamentos e pessoas para realização do levantamento e Locação dos Vértices | C3: VERBA | D3: 1 | E3: =(350*3)+(160*3)+(680*1)+(150*3)+500 -> 3160 | F3: =D3*E3 -> 3160 | G3: =F3*(1+$K$11) -> 3563.829
A5: 2.0 | B5: LEVANTAMENTO TOPOGRÁFICO E INSUMOS DE CAMPO
A6: 2.1 | B6: Aerolevantamento Com uso de drone para revisão e compatibilização das medidas perimetrais e extração de curvas de nível de 1 metro para o projeto de atualização do Projeto de Parcelamento | C6: Verba | D6: 1 | E6: 2500 | F6: =D6*E6 -> 2500 | G6: =F6*(1+$K$11) -> 2819.4849
A7: 2.2 | B7: Imlantação e locação de Lotes conforme projeto de Pracelamento | C7: Lote | D7: 50 | E7: 250 | F7: =D7*E7 -> 12500 | G7: =F7*(1+$K$11) -> 14097.425 | H7: Lotes | I7: Marcos
A8: 2.2 | B8: Confeção e Implantação de marcos Padrão Loteamento com Plaqueta | C8: unid | D8: =I8 -> 108 | E8: 15 | F8: =D8*E8 -> 1620 | G8: =F8*(1+$K$11) -> 1827.0262 | H8: 50 | I8: =4+(2*H8)+4 -> 108
A9: 3.0 | B9: ESCRITÓRIO
A10: 3.1 | B10: Projeto de Parcelamento e geração de plantas em CAD e cálulos e memoriais descritivos, com impressão em formato ABNT em 3 vias com a elaboração do memorial descritivo, com Anotação de Responsabilidade Técnica - ART | C10: Verba | D10: 1 | E10: 800 | F10: =D10*E10 -> 800 | G10: =F10*(1+$K$11) -> 902.23518
B11: TOTAL | F11: =SUM(F2:F10) -> 20580 | G11: =SUM(G2:G10) -> 23210 | I11: =F11-I22 -> 2630 | K11: =I11/F11 -> 0.12779397
H13: Colaboradores
H14: Erison | I14: 5000
H15: Kacildo | I15: 5000
H16: Eduardo | I16: 0
H17: Rodrigo | I17: 5000
H18: Ajudante | I18: 900
H19: Alimentação | I19: =250*3 -> 750
H20: Combustivel | I20: 500
H21: Equipamentos | I21: 800
H22: Total | I22: =SUM(I14:I21) -> 17950
